{
  "_fv": 39,
  "_type": "tag",
  "definition": {
    "type": "Blocks",
    "items": [],
    "blocks": [
      {
        "value": "CUSTOM:EmptyGoldNode"
      },
      {
        "value": "CUSTOM:GoldNode"
      },
      {
        "value": "CUSTOM:EmptyCopperNode"
      },
      {
        "value": "CUSTOM:CopperNode"
      },
      {
        "value": "CUSTOM:EmptyCoalNode"
      },
      {
        "value": "CUSTOM:CoalNode"
      },
      {
        "value": "CUSTOM:EmptyIronNode"
      },
      {
        "value": "CUSTOM:IronNode"
      },
      {
        "value": "CUSTOM:EmptyEmeraldNode"
      },
      {
        "value": "CUSTOM:EmeraldNode"
      },
      {
        "value": "CUSTOM:EmptyLapisNode"
      },
      {
        "value": "CUSTOM:LapisNode"
      },
      {
        "value": "CUSTOM:EmptyRedstoneNode"
      },
      {
        "value": "CUSTOM:RedstoneNode"
      },
      {
        "value": "CUSTOM:EmptyDiamondNode"
      },
      {
        "value": "CUSTOM:DiamondNode"
      },
      {
        "value": "CUSTOM:EmptyQuartzNode"
      },
      {
        "value": "CUSTOM:QuartzNode"
      }
    ],
    "functions": [],
    "entities": [],
    "biomes": [],
    "name": "allowed/right_click/blocks",
    "namespace": "northguard"
  }
}