{
  "_fv": 39,
  "_type": "tag",
  "definition": {
    "type": "Blocks",
    "items": [],
    "blocks": [
      {
        "value": "CUSTOM:EmptyGoldNode"
      },
      {
        "value": "CUSTOM:GoldNode"
      },
      {
        "value": "CUSTOM:EmptyCopperNode"
      },
      {
        "value": "CUSTOM:CopperNode"
      },
      {
        "value": "CUSTOM:EmptyCoalNode"
      },
      {
        "value": "CUSTOM:CoalNode"
      },
      {
        "value": "CUSTOM:EmptyIronNode"
      },
      {
        "value": "CUSTOM:IronNode"
      },
      {
        "value": "CUSTOM:EmptyEmeraldNode"
      },
      {
        "value": "CUSTOM:EmeraldNode"
      },
      {
        "value": "CUSTOM:EmptyLapisNode"
      },
      {
        "value": "CUSTOM:LapisNode"
      },
      {
        "value": "CUSTOM:EmptyRedstoneNode"
      },
      {
        "value": "CUSTOM:RedstoneNode"
      },
      {
        "value": "CUSTOM:EmptyDiamondNode"
      },
      {
        "value": "CUSTOM:DiamondNode"
      },
      {
        "value": "CUSTOM:EmptyQuartzNode"
      },
      {
        "value": "CUSTOM:QuartzNode"
      },
      {
        "value": "CUSTOM:EmptyCoalDeepslateNode"
      },
      {
        "value": "CUSTOM:CoalDeepslateNode"
      },
      {
        "value": "CUSTOM:EmptyCopperDeepslateNode"
      },
      {
        "value": "CUSTOM:CopperDeepslateNode"
      },
      {
        "value": "CUSTOM:EmptyIronDeepslateNode"
      },
      {
        "value": "CUSTOM:IronDeepslateNode"
      },
      {
        "value": "CUSTOM:EmptyEmeraldDeepslateNode"
      },
      {
        "value": "CUSTOM:EmeraldDeepslateNode"
      },
      {
        "value": "CUSTOM:EmptyGoldDeepslateNode"
      },
      {
        "value": "CUSTOM:GoldDeepslateNode"
      },
      {
        "value": "CUSTOM:EmptyLapisDeepslateNode"
      },
      {
        "value": "CUSTOM:LapisDeepslateNode"
      },
      {
        "value": "CUSTOM:EmptyRedstoneDeepslateNode"
      },
      {
        "value": "CUSTOM:RedstoneDeepslateNode"
      },
      {
        "value": "CUSTOM:EmptyDiamondDeepslateNode"
      },
      {
        "value": "CUSTOM:DiamondDeepslateNode"
      },
      {
        "value": "CUSTOM:EmptyNetherGoldNode"
      },
      {
        "value": "CUSTOM:NetherGoldNode"
      }
    ],
    "functions": [],
    "entities": [],
    "biomes": [],
    "name": "nodes",
    "namespace": "northessentials"
  }
}