{
  "group": "elevator_block",
  "type": "minecraft:crafting_shaped",
  "pattern": [
    "012",
    "345",
    "678"
  ],
  "key": {
    "0": {
      "item": "minecraft:oak_planks"
    },
    "1": {
      "item": "minecraft:redstone"
    },
    "2": {
      "item": "minecraft:oak_planks"
    },
    "3": {
      "item": "minecraft:oak_planks"
    },
    "4": {
      "item": "minecraft:piston"
    },
    "5": {
      "item": "minecraft:oak_planks"
    },
    "6": {
      "item": "minecraft:oak_planks"
    },
    "7": {
      "item": "minecraft:redstone"
    },
    "8": {
      "item": "minecraft:oak_planks"
    }
  },
  "result": {
    "item": "northsessentials:oak_elevator_block",
    "count": 1
  }
}