{
  "_fv": 43,
  "_type": "block",
  "definition": {
    "texture": "gold_node_0",
    "textureTop": "",
    "textureLeft": "",
    "textureFront": "",
    "textureRight": "",
    "textureBack": "",
    "renderType": 2,
    "customModelName": "ore_node:deep_gold",
    "rotationMode": 1,
    "enablePitch": false,
    "emissiveRendering": false,
    "displayFluidOverlay": true,
    "itemTexture": "",
    "particleTexture": "",
    "tintType": "No tint",
    "isItemTinted": false,
    "hasTransparency": true,
    "connectedSides": false,
    "transparencyType": "CUTOUT_MIPPED",
    "disableOffset": false,
    "boundingBoxes": [
      {
        "mx": 2.0,
        "my": 0.0,
        "mz": 2.0,
        "Mx": 14.0,
        "My": 7.0,
        "Mz": 14.0,
        "subtract": false
      }
    ],
    "name": "Gold Deepslate Node",
    "specialInfo": [],
    "hardness": 1000.0,
    "resistance": 1000.0,
    "hasGravity": false,
    "isWaterloggable": true,
    "creativeTab": {
      "value": "MATERIALS"
    },
    "destroyTool": "pickaxe",
    "customDrop": {
      "value": ""
    },
    "dropAmount": 1,
    "useLootTableForDrops": false,
    "requiresCorrectTool": true,
    "enchantPowerBonus": 0.0,
    "plantsGrowOn": false,
    "canRedstoneConnect": false,
    "lightOpacity": 0,
    "material": {
      "value": "ROCK"
    },
    "tickRate": 20,
    "tickRandomly": false,
    "isReplaceable": false,
    "canProvidePower": false,
    "emittedRedstonePower": {
      "fixedValue": 15.0
    },
    "colorOnMap": "DEEPSLATE_GRAY",
    "creativePickItem": {
      "value": ""
    },
    "offsetType": "NONE",
    "aiPathNodeType": "BLOCKED",
    "flammability": 0,
    "fireSpreadSpeed": 0,
    "isLadder": false,
    "slipperiness": 0.6,
    "speedFactor": 1.0,
    "jumpFactor": 1.0,
    "reactionToPushing": "BLOCK",
    "isNotColidable": false,
    "isCustomSoundType": false,
    "soundOnStep": {
      "value": "DEEPSLATE"
    },
    "breakSound": {
      "value": ""
    },
    "fallSound": {
      "value": ""
    },
    "hitSound": {
      "value": ""
    },
    "placeSound": {
      "value": ""
    },
    "stepSound": {
      "value": ""
    },
    "luminance": 0,
    "unbreakable": true,
    "breakHarvestLevel": 2,
    "isBonemealable": false,
    "hasInventory": true,
    "guiBoundTo": "<NONE>",
    "openGUIOnRightClick": false,
    "inventorySize": 0,
    "inventoryStackSize": 64,
    "inventoryDropWhenDestroyed": false,
    "inventoryComparatorPower": false,
    "inventoryOutSlotIDs": [],
    "inventoryInSlotIDs": [],
    "hasEnergyStorage": false,
    "energyInitial": 0,
    "energyCapacity": 400000,
    "energyMaxReceive": 200,
    "energyMaxExtract": 200,
    "isFluidTank": false,
    "fluidCapacity": 8000,
    "fluidRestrictions": [],
    "onBlockPlayedBy": {
      "name": "NodeBlockIsPlacedBy"
    },
    "spawnWorldTypes": [],
    "restrictionBiomes": [],
    "blocksToReplace": [
      {
        "value": "Blocks.STONE#0"
      },
      {
        "value": "Blocks.STONE#1"
      },
      {
        "value": "Blocks.STONE#3"
      },
      {
        "value": "Blocks.STONE#5"
      }
    ],
    "generationShape": "UNIFORM",
    "frequencyPerChunks": 10,
    "frequencyOnChunk": 16,
    "minGenerateHeight": 0,
    "maxGenerateHeight": 64
  }
}