{
  "_fv": 43,
  "_type": "tag",
  "definition": {
    "type": "Blocks",
    "items": [],
    "blocks": [
      {
        "value": "CUSTOM:NetherCoalNode"
      },
      {
        "value": "CUSTOM:NetherCopperNode"
      },
      {
        "value": "CUSTOM:NetherIronNode"
      },
      {
        "value": "CUSTOM:NetherQuartzNode"
      },
      {
        "value": "CUSTOM:NetherAmethystNode"
      },
      {
        "value": "CUSTOM:NetherEmeraldNode"
      },
      {
        "value": "CUSTOM:NetherGoldNode"
      },
      {
        "value": "CUSTOM:NetherLapisNode"
      },
      {
        "value": "CUSTOM:NetherRedstoneNode"
      },
      {
        "value": "CUSTOM:NetherDiamondNode"
      },
      {
        "value": "CUSTOM:NetherAncientDebrisNode"
      }
    ],
    "functions": [],
    "entities": [],
    "biomes": [],
    "name": "nodes/nether",
    "namespace": "northsessentials"
  }
}