{
  "_fv": 43,
  "_type": "tag",
  "definition": {
    "type": "Blocks",
    "items": [],
    "blocks": [
      {
        "value": "CUSTOM:CoalDeepslateNode"
      },
      {
        "value": "CUSTOM:CopperDeepslateNode"
      },
      {
        "value": "CUSTOM:IronDeepslateNode"
      },
      {
        "value": "CUSTOM:QuartzDeepslateNode"
      },
      {
        "value": "CUSTOM:AmethystDeepslateNode"
      },
      {
        "value": "CUSTOM:EmeraldDeepslateNode"
      },
      {
        "value": "CUSTOM:GoldDeepslateNode"
      },
      {
        "value": "CUSTOM:LapisDeepslateNode"
      },
      {
        "value": "CUSTOM:RedstoneDeepslateNode"
      },
      {
        "value": "CUSTOM:DiamondDeepslateNode"
      },
      {
        "value": "CUSTOM:AncientDebrisDeepslateNode"
      }
    ],
    "functions": [],
    "entities": [],
    "biomes": [],
    "name": "nodes/deepslate",
    "namespace": "northsessentials"
  }
}