{
  "_fv": 43,
  "_type": "tag",
  "definition": {
    "type": "Blocks",
    "items": [],
    "blocks": [
      {
        "value": "CUSTOM:CoalNode"
      },
      {
        "value": "CUSTOM:CopperNode"
      },
      {
        "value": "CUSTOM:IronNode"
      },
      {
        "value": "CUSTOM:QuartzNode"
      },
      {
        "value": "CUSTOM:AmethystNode"
      },
      {
        "value": "CUSTOM:EmeraldNode"
      },
      {
        "value": "CUSTOM:GoldNode"
      },
      {
        "value": "CUSTOM:LapisNode"
      },
      {
        "value": "CUSTOM:RedstoneNode"
      },
      {
        "value": "CUSTOM:DiamondNode"
      },
      {
        "value": "CUSTOM:AncientDebrisNode"
      }
    ],
    "functions": [],
    "entities": [],
    "biomes": [],
    "name": "nodes/stone",
    "namespace": "northsessentials"
  }
}