{
  "_fv": 43,
  "_type": "tag",
  "definition": {
    "type": "Blocks",
    "items": [],
    "blocks": [
      {
        "value": "CUSTOM:IronNode"
      },
      {
        "value": "CUSTOM:IronDeepslateNode"
      },
      {
        "value": "CUSTOM:NetherIronNode"
      },
      {
        "value": "CUSTOM:LapisNode"
      },
      {
        "value": "CUSTOM:LapisDeepslateNode"
      },
      {
        "value": "CUSTOM:NetherLapisNode"
      },
      {
        "value": "CUSTOM:CopperNode"
      },
      {
        "value": "CUSTOM:CopperDeepslateNode"
      },
      {
        "value": "CUSTOM:NetherCopperNode"
      }
    ],
    "functions": [],
    "entities": [],
    "biomes": [],
    "name": "nodes/ore/stone_tools",
    "namespace": "northsessentials"
  }
}