{
  "_fv": 43,
  "_type": "recipe",
  "definition": {
    "recipeType": "Crafting",
    "recipeRetstackSize": 1,
    "group": "elevator_block",
    "cookingBookCategory": "MISC",
    "xpReward": 0.0,
    "cookingTime": 200,
    "craftingBookCategory": "MISC",
    "recipeShapeless": false,
    "recipeSlots": [
      {
        "value": "Blocks.PLANKS#0"
      },
      {
        "value": "Items.REDSTONE"
      },
      {
        "value": "Blocks.PLANKS#0"
      },
      {
        "value": "Blocks.PLANKS#0"
      },
      {
        "value": "Blocks.PISTON"
      },
      {
        "value": "Blocks.PLANKS#0"
      },
      {
        "value": "Blocks.PLANKS#0"
      },
      {
        "value": "Items.REDSTONE"
      },
      {
        "value": "Blocks.PLANKS#0"
      }
    ],
    "recipeReturnStack": {
      "value": "CUSTOM:OakElevatorBlock"
    },
    "name": "oak_elevator_block_crafting",
    "namespace": "mod"
  }
}