{
  "elements": [
    {
      "name": "chimney1",
      "from": [
        4,
        0,
        4
      ],
      "to": [
        12,
        12,
        12
      ],
      "faces": {
        "north": {
          "uv": [
            4,
            4,
            12,
            16
          ],
          "texture": "#base"
        },
        "east": {
          "uv": [
            4,
            4,
            12,
            16
          ],
          "texture": "#base"
        },
        "south": {
          "uv": [
            4,
            4,
            12,
            16
          ],
          "texture": "#base"
        },
        "west": {
          "uv": [
            4,
            4,
            12,
            16
          ],
          "texture": "#base"
        },
        "down": {
          "uv": [
            4,
            4,
            12,
            12
          ],
          "texture": "#base",
          "cullface": "down"
        }
      }
    },
    {
      "name": "chimney2",
      "from": [
        2,
        12,
        2
      ],
      "to": [
        14,
        16,
        14
      ],
      "faces": {
        "north": {
          "uv": [
            2,
            0,
            14,
            4
          ],
          "texture": "#base"
        },
        "east": {
          "uv": [
            2,
            0,
            14,
            4
          ],
          "texture": "#base"
        },
        "south": {
          "uv": [
            2,
            0,
            14,
            4
          ],
          "texture": "#base"
        },
        "west": {
          "uv": [
            2,
            0,
            14,
            4
          ],
          "texture": "#base"
        },
        "up": {
          "uv": [
            2,
            2,
            14,
            14
          ],
          "texture": "#top",
          "cullface": "up"
        },
        "down": {
          "uv": [
            2,
            2,
            14,
            14
          ],
          "texture": "#base"
        }
      }
    }
  ],
  "display": {
    "thirdperson_righthand": {
      "rotation": [
        75,
        45,
        0
      ],
      "translation": [
        0,
        2.5,
        0
      ],
      "scale": [
        0.375,
        0.375,
        0.375
      ]
    },
    "thirdperson_lefthand": {
      "rotation": [
        75,
        45,
        0
      ],
      "translation": [
        0,
        2.5,
        0
      ],
      "scale": [
        0.375,
        0.375,
        0.375
      ]
    },
    "firstperson_righthand": {
      "rotation": [
        0,
        45,
        0
      ],
      "scale": [
        0.4,
        0.4,
        0.4
      ]
    },
    "firstperson_lefthand": {
      "rotation": [
        0,
        225,
        0
      ],
      "scale": [
        0.4,
        0.4,
        0.4
      ]
    },
    "ground": {
      "translation": [
        0,
        3,
        0
      ],
      "scale": [
        0.25,
        0.25,
        0.25
      ]
    },
    "gui": {
      "rotation": [
        30,
        225,
        0
      ],
      "scale": [
        0.625,
        0.625,
        0.625
      ]
    },
    "fixed": {
      "scale": [
        0.5,
        0.5,
        0.5
      ]
    }
  }
}